{"cameraMode":{"drawMode":0,"name":"Shaded","section":"Shading Mode"},"sceneLighting":false,"audioPlay":false,"sceneViewState":{"m_AlwaysRefresh":false,"showFog":true,"showSkybox":false,"showFlares":true,"showImageEffects":true,"showParticleSystems":true,"showVisualEffectGraphs":true,"m_FxEnabled":true},"in2DMode":false,"pivot":{"x":2.7899999618530275,"y":0.2902752757072449,"z":2.400583267211914},"rotation":{"x":0.03514580801129341,"y":-0.9637821912765503,"z":0.20876047015190125,"w":0.16225720942020417},"size":1.2598901987075806,"orthographic":false}