{"cameraMode":{"drawMode":0,"name":"Shaded","section":"Shading Mode"},"sceneLighting":true,"audioPlay":false,"sceneViewState":{"m_AlwaysRefresh":false,"showFog":true,"showSkybox":true,"showFlares":true,"showImageEffects":true,"showParticleSystems":true,"showVisualEffectGraphs":true,"m_FxEnabled":true},"in2DMode":false,"pivot":{"x":-0.8629093170166016,"y":1.1336236000061036,"z":-0.32740771770477297},"rotation":{"x":-0.15748009085655213,"y":-0.7282026410102844,"z":0.17846205830574037,"w":-0.6427456140518189},"size":7.320948600769043,"orthographic":false}